{"cameraMode":{"drawMode":0,"name":"Shaded","section":"Shading Mode"},"sceneLighting":true,"audioPlay":false,"sceneViewState":{"showFog":true,"showMaterialUpdate":true,"showSkybox":true,"showFlares":true,"showImageEffects":true,"showParticleSystems":true},"in2DMode":false,"pivot":{"x":-3065.228759765625,"y":31.13121223449707,"z":-34.211238861083987},"rotation":{"x":0.1690337359905243,"y":-0.024774152785539628,"z":0.0042303744703531269,"w":0.985319972038269},"size":4.062019348144531,"orthographic":false}